Название;Короткое название;Группа для Еды;Нетто;Единица измерения Нетто
Мини-круассаны 7Days с кремом ваниль 300г;7Days мини ваниль;7Days мини;300;г
Мини-круассаны 7Days с кремом сгущенка 300г;7Days мини вареная сгущенка;7Days мини;300;г
Мини-круассаны 7Days с кремом какао 300г;7Days мини какао;7Days мини;300;г
Мини-круассаны 7Days с кремом клубника 300г;7Days мини клубника;7Days мини;300;г
Мини-круассаны 7Days с кремом черешня 300г;7Days мини черешня;7Days мини;300;г
Функциональный напиток ACTIMEL гранат в упаковке, 8х100г;Actimel гранат;Актимель;100;г
Функциональный напиток ACTIMEL земляника/шиповник в упаковке, 6х100г;Actimel земляника-шиповник;Актимель;100;г
Функциональный напиток ACTIMEL киви/клубника в упаковке, 6х100г;Actimel киви-клубника;Актимель;100;г
Функциональный напиток ACTIMEL клубника в упаковке, 6х100г;Actimel клубника;Актимель;100;г
Функциональный напиток ACTIMEL Kids клубника/банан, 100г;Actimel клубника-банан;Актимель;100;г
Функциональный напиток ACTIMEL клюква малина чабрец в упаковке, 6х100 г;Actimel малина-чабрец;Актимель;100;г
Функциональный напиток ACTIMEL смородина/малина в упаковке, 6х100г;Actimel смородина-малина;Актимель;100;г
Функциональный напиток ACTIMEL в упаковке, 8х100г;Actimel Natural;Актимель;100;г
Антистатик-спрей CHIRTON, 200мл;Chirton антистатик;Антистатики;200;мл
Батарейки DURACELL AA Basic, 2шт;Duracel AA;Батарейки;2;шт
Батарейки DURACELL AA Basic, 4шт;Duracel AA;Батарейки;4;шт
Батарейки DURACELL AAA Basic, 2шт;Duracel AAA;Батарейки;2;шт
Батарейки DURACELL Basic AAA, 4шт;Duracel AAA;Батарейки;4;шт
Бекон сырокопченый ВЕЛКОМ нарезка, 200г;«Велком» бекон сырокопченый;Бекон;200;г
Напиток АГУША Биолакт с 8 месяцев кисломолочный 3,2%, 200г;«Агуша» биолакт;Биолакт детский;200;г
Блинчики С ПЫЛУ С ЖАРУ с курицей, 360 г;«С пылу с жару» с курицей;Блинчики замороженные;360;г
Блинчики С ПЫЛУ С ЖАРУ с творогом, 360г;«С пылу с жару» с творогом;Блинчики замороженные;360;г
Станок для бритья VENUS со сменной кассетой;Gillete Venus одноразовая;Бритвы женские;1;шт
Одноразовые бритвы GILLETTE VENUS 3 SV3 3 шт;Gillete Venus3 одноразовые;Бритвы женские;3;шт
Бритва BIC easy black +4 катриджа;Bic Flex 3 Hybrid и 4 кассеты;Бритвы мужские;1;шт
Бритва GILETTE BLUE 3 и 3 кассеты;Gillette Blue3 бритва и 3 кассеты;Бритвы мужские;1;шт
Бритва GILLETTE Fusion Proshield, 1 шт;Gillette Fusion ProShield бритва и 1 кассета;Бритвы мужские;1;шт
Кухонные полотенца ZEWA Декор в упаковке, 2 рулона;Zewa бумажные полотенца;Бумажные полотенца;2;шт
Стакан для кофе 300 мл RIOBA, 50 шт;Бумажный стакан;Бумажные стаканы;50;шт
500Г ВАРЕНИКИ С ВИШНЕЙ ОКРАИНА;«Окраина» с вишней;Вареники;500;г
500Г ВАРЕНИКИ КАРТ/ГРИБ ОКРАИН;«Окраина» с картошкой и грибами;Вареники;500;г
Ватные диски Я САМАЯ двусторонние, 120шт;Я самая;Ватные диски;120;шт
Ватные диски OLA Silk Sense, 120 шт;Ola! Silk Sense;Ватные диски;120;шт
Ватные палочки белые FINE LIFE, 100 шт;Fine Life;Ватные палочки;100;шт
Ватные палочки ОLА! silk sense,300шт;Ola! Silk Sense;Ватные палочки;300;шт
Вафли ТМ Акульчев - Венские сливочные с взбитыми сливками,140г;«Акульчев» со взбитыми сливками;Вафли;140;г
Вафли КОЛОМЕНСКОЕ Сливочные, 220 г;«Коломенское» сливочные;Вафли;220;г
Вафли КОРОВКА РОТ ФРОНТ Топлёное молоко, 150 г;«Коровка» топленое молоко;Вафли;150;г
Вафли ЯШКИНО с карамелью, 290г;«Яшкино» с карамелью;Вафли;290;г
0,33Л СВЯТОЙ ИСТОЧНИК ГАЗИР.ВО;Святой источник с газом;Вода газированная;330;мл
0,5Л ВОДА СВЯТОЙ ИСТОЧНИК ГАЗ;Святой источник с газом;Вода газированная;0.5;л
1,5Л СВЯТОЙ ИСТОЧНИК ГАЗИРОВАН;Святой источник с газом;Вода газированная;1.5;л
Боржоми 330мл;Borjomi;Вода газированная;330;мл
Боржоми 500мл;Borjomi;Вода газированная;0.5;л
нарзан;Нарзан;Вода газированная;1.8;л
Новотерская;Новотерская целебная;Вода газированная;0.5;л
Вода детская АГУША, 0,33 л;«Агуша» вода;Вода детская;330;мл
Святой источник;«Святой источник» Светлячок;Вода детская;1.5;л
Святой источник 330мл;Святой источник;Вода негазированная;330;мл
Святой источник;Святой источник;Вода негазированная;5;л
Bon Aqua;BonAqua;Вода негазированная;0.5;л
Evian;Evian;Вода негазированная;0.5;л
Vittel;Vittel;Вода негазированная;0.5;л
Сенежская;Сенежская;Вода негазированная;1.5;л
Dr.Pepper Classic;Dr Pepper Classic;Газировка другая;355;мл
Напиток газированный IRN-BRU;Irn-Bru;Газировка другая;0.5;л
Газированный напиток LAIMON FRESH, 0,5л;Laimon Fresh Max;Газировка другая;0.5;л
Газированный напиток MOUNTAIN DEW в упаковке, 0,5л;Mountain Dew «Цитрус»;Газировка другая;0.5;л
Гель для бритья GILLETTE РroGlide Увлажняющий, 200мл;Gillette Fusion гель увлажняющий;Гели для бритья;200;мл
Гель для бритья GILLETTE Fusion Active Sport, 170мл;Gillette Fusion гель чувствительная кожа;Гели для бритья;170;мл
Гель для бритья GILLETTE Mach3 Turbo Успокаивающий, 200мл;Gillette Mach3 гель успокаивающий;Гели для бритья;200;мл
Гель для душа AXE перезагрузка, 250мл;Axe «Перезагрузка»;Гели для душа;250;мл
Гель для душа AXE Black Night, 250 мл;Axe Black Night;Гели для душа;250;мл
Гель для душа DOVE слива-сакура, 250 мл;Dove слива-сакура;Гели для душа;250;мл
Гель для душа DOVE men чистота и комфорт, 250мл;Dove Men+Care;Гели для душа;250;мл
Гель для душа DOVE Глубокое питание и увлажнение, 250мл;Dove Pure&Sensitive;Гели для душа;250;мл
Гель для душа Пробуждающий NIVEA;Nivea «Пробуждающий»;Гели для душа;250;мл
Гель-скраб-маска GARNIER Чистая кожа 3-в-1, 150мл;Garnier гель, скраб и маска;Гели для кожи;150;мл
Гель для купания LITTLE SIBERICA детский с органическими экстрактами липы и зверобоя, 250мл;Little Siberca гель для купания липа и зверобой;Гели для купания детские;250;мл
Nordic;Nordic геркулес;Геркулес;600;г
Maille;Maille дижонская горчица;Горчица;200;г
Гранола Kellogg's хлопья с орехами, фруктами, ягодами, дой-пак;Kellogg's с орехами фруктами и ягодами;Гранола;300;г
Гранола Kellogg's хлопья с молочным шоколадом, дой-пак;Kellogg's с молочным шоколадом;Гранола;300;г
Гренки к пенному Хрустеам с копченым лососем 105г;«Хрусteam» копченый лосось;Гренки;105;г
Гренки к пенному Хрустеам острый сыр 105г;«Хрусteam» острый сыр;Гренки;105;г
Мистраль;«Мистраль» гречка;Гречка;900;г
Губка для обуви KIWI бесцветная;Kiwi бесцветная губка;Губки для обуви;1;шт
Губка для обуви KIWI черная, 1шт;Kiwi черная губка;Губки для обуви;1;шт
"Дезодорант спрей ""Заряд Утра"" NIVEA";Nivea «Заряд утра» спрей;Дезодоранты мужские;150;мл
Дезодорант стик Old Spice Wolfthorn;Old Spice Wolfthorn стик;Дезодоранты мужские;50;мл
Жевательная резинка DIROL ментол, 13,6Г;Dirol X-Fresh «Ледяной гол»;Жвачка;13.6;г
Жевательная резинка DIROL X-FRESH МЯТА, 16Г;Dirol X-Fresh «Мятная свежесть»;Жвачка;16;г
Жевательная резинка ORBIT Нежная мята, 13,6г;Orbit «Нежная мята»;Жвачка;13.6;г
Жевательная резинка ORBIT Прохладная мята 13,6 г;Orbit «Прохладная мята»;Жвачка;13.6;г
Жевательная резинка ORBIT Bags сладкая мята, 34г;Orbit «Сладкая мята»;Жвачка;34;г
Жевательная резинка ORBIT Ягодный микс 13,6 г;Orbit «Ягодный микс»;Жвачка;13.6;г
Жевательная резинка ORBIT Клубника-банан, 13,6г;Orbit клубника-банан;Жвачка;13.6;г
Зефирчики в шоколаде Шармель классические 120г;«Шармэль» зефирчики в шоколаде;Зефир;120;г
Батончик CORNY Злаки молочный шоколад, 50 г;Corny молочный шоколад;Злаковые батончики;50;г
Батончик NESQUIK с цельными злаками, 25 г;Nesquik молочный шоколад;Злаковые батончики;25;г
Батончик NESTLE Fitness с цельными злаками и шоколадом, 23,5 г;Nestle Fitness молочный шоколад;Злаковые батончики;23.5;г
Злаковый батончик Nestle Fitness с французским молочным шоколадом и карамелью,23,5 г;Nestle Fitness молочный шоколад и карамель;Злаковые батончики;23.5;г
Батончик FITNESS с цельными злаками и клубникой, 23,5г;Nestle Fitness с клубникой;Злаковые батончики;23.5;г
Злаковый батончик Nestle Fitness с цельными злаками, 23.5 г;Nestle Fitness с цельными злаками;Злаковые батончики;23.5;г
Фруктовый батончик Bite Баланс без сахара Кокос и бразильский орех, 45 г;Take a Bite кокос-бразильский орех;Злаковые батончики;45;г
Зубная нить ORAL-B Pro-Expert Clinic, 25 м;Oral-B мятная зубная нить;Зубные нити;25;м
Зубная паста BLEND-A-MED 3D white luxe, 75 мл;Blend-a-med 3D White;Зубные пасты;75;мл
Зубная паста BLEND-A-MED Pro-Expert снижение чувствительности+бережное отбеливание, 100мл;Blend-a-med Pro-Expert;Зубные пасты;100;мл
Зубная паста COLGATE Max Fresh с Освежающими Кристаллами, 100 мл;Colgate Max Fresh мята;Зубные пасты;100;мл
Зубная паста COLGATE Optic White Экстра сила, 75 мл;Colgate Optic White ;Зубные пасты;75;мл
Зубная паста LACALUT Aktiv, 75мл;Lacalut Activ;Зубные пасты;75;мл
Зубная паста LACALUT Sensetive, 75мл;Lacalut Sensitive;Зубные пасты;75;мл
Зубная паста LACALUT White, 75мл;Lacalut White;Зубные пасты;75;мл
Детская зубная паста ДРАКОША Клубничная , 60 мл;«Дракоша» клубничная 1-8 лет;Зубные пасты детские;60;мл
Зубная паста LACALUT Kids, 50 мл;Lacalut Kids 4-8 лет;Зубные пасты детские;50;мл
Зубная щетка COLGATE Безопасное отбеливание, мягкая;Colgate мягкая;Зубные щетки;1;шт
Зубная щетка COLGATE massager средняя жесткость;Colgate средняя;Зубные щетки;1;шт
Зубная щетка LACALUT Sensitive;Lacalut мягкая;Зубные щетки;1;шт
Зубная щетка LACALUT White;Lacalut средняя;Зубные щетки;1;шт
Зубная щетка COLGATE Для детей;Colgate детская;Зубные щетки детские;1;шт
Лакомство для собак крупных пород PEDIGREE DentaStix 270 грамм;Pedigree DentaStick;Игрушки для собак;270;г
Активиа Danone биойогурт с вишней 2.9%;«Активиа» вишня;Йогурты;150;г
Активиа Danone биойогурт натуральная 3.5%;«Активиа» натуральная;Йогурты;150;г
Активиа Danone биойогурт с отрубями и злаками 2.9%;«Активиа» отруби-злаки;Йогурты;150;г
Активиа Danone биойогурт черника 5 злаков и льняные семена 2.9%;«Активиа» черника-5 злаков-льняное семя;Йогурты;150;г
Danone термостатный 1.5%;Danone термостатный;Йогурты;250;г
Danone традиционный 3.3%;Danone традиционный;Йогурты;350;г
Epica с вишней и черешней 4.8%;Epica вишня-черешня;Йогурты;130;г
Epica с гранатом и малиной 4.8%;Epica гранат-малина;Йогурты;130;г
Epica с манго и семенами чиа 5%;Epica манго-семена чиа;Йогурты;130;г
Epica с персиком и маракуйей 4.8%;Epica персик-маракуйя;Йогурты;130;г
Овсяный завтрак VELLE малина и ежевика, 175г;Velle малина-ежевика;Йогурты;175;г
Velle овсяный завтрак печеное яблоко;Velle печеное яблоко;Йогурты;175;г
Йогурт АГУША Банан 2,6%, 90г;«Агуша» банан;Йогурты детские;90;г
Биокефир детский АГУША 3,2%, 204г;«Агуша» бифидокефир;Йогурты детские;204;г
Йогурт АГУША Малина с земляникой 2,6%, 90г;«Агуша» малина с земляникой;Йогурты детские;90;г
Активиа Danone биойогурт манго и яблоко 2%;«Активиа» манго-яблоко;Йогурты питьевые;290;г
Активиа Danone биойогурт натуральная 2.4%;«Активиа» натуральная;Йогурты питьевые;290;г
Активиа Danone с черникой 5 злаками и льняными семенами 2.4%;«Активиа» черника-5 злаков-льняное семя;Йогурты питьевые;290;г
Активиа Danone биойогурт яблоко и злаки 2.2%;«Активиа» яблоко-злаки;Йогурты питьевые;290;г
Чудо малина-ежевика 2.4%;«Чудо» малина-ежевика;Йогурты питьевые;270;г
Чудо тропический микс 2.4%;«Чудо» тропический микс;Йогурты питьевые;270;г
Чудо черника-малина 2.4%;«Чудо» черника-малина;Йогурты питьевые;270;г
Velle овсяный малина;Velle малина;Йогурты питьевые;250;г
Velle овсяный черника;Velle черника;Йогурты питьевые;250;г
Какао NESQUIK, 250г;Nesquik какао;Какао;250;г
Сменные кассеты для бритья VENUS, 2шт;Gillette Venus Sensitive;Кассеты для женских бритв;2;шт
Кассета для станка GILLETTE fusion, 2шт;Gillette Fusion;Кассеты для мужских бритв;2;шт
Кассеты для бритвенного станка GILLETTE mach3 turbо, 4шт;Gillette Mach3 Turbo;Кассеты для мужских бритв;4;шт
Очаковский двойного брожения 1л;Очаковский;Квас;1;л
Русский дар традиционный 500мл;Русский дар;Квас;0.5;л
Heinz;Heinz кетчуп;Кетчуп;350;г
Домик в деревне 1% категория А;«Домик в деревне» 1%;Кефир;1;кг
Простоквашино 2.5%;«Простоквашино» 2.5%;Кефир;430;г
Домик в деревне 3.2% категория А;«Домик в деревне» 3.2%;Кефир;1;кг
Углече поле 3.2% | фермерское;«Углече поле» 3.2%;Кефир;500;г
Вода кокосовая FOCO, 0,33л;Foco;Кокосовая вода Foco;330;мл
Вода кокосовая FOCO с манго, 0,33л;Foco с манго;Кокосовая вода Foco;330;мл
Вода кокосовая FOCO с розовым гуава, 0,33л;Foco с розовой гуавой;Кокосовая вода Foco;330;мл
Колбаса вареная докторская КЛИНСКИЙ МЯСОКОМБИНАТ нарезка 190 г;«Клинский» Докторская;Колбаса вареная;190;г
Нарезка веганская ветчинная VEGAN DELI Roulade de Paris;Vegan Deli веганская ветчина;Колбаса веганская;100;г
Нарезка веганская колбасная VEGAN DELI Natural, 100 г;Vegan Deli веганская колбаса;Колбаса веганская;100;г
Колбаса ДЫМОВ Пепперони сырокопченая нарезка, 150г;«Дымов» Пепперони;Колбаса сырокопченая;150;г
Колбаса сырокопченая еврейская ОСТАНКИНО нарезка, 150г;«Останкино» Еврейская;Колбаса сырокопченая;150;г
Колготки SISI Miss 40 den;SiSi 40 den колготки ;Колготки;1;шт
Кондиционер для белья VERNEL Гибискус и роза, 910мл;Vernel «Гибискус и роза»;Кондиционеры для белья;910;мл
Кондиционер для белья VERNEL Детский, 910мл;Vernel детский;Кондиционеры для белья детские;910;мл
Bonduelle 340 гр;Bonduelle кукуруза;Консервированная кукуруза;340;г
Ананасы кольца DELMONTE в соке, 435г;Del Monte ананасы кольцами;Консервированные фрукты;435;г
Персики консервированные GREEN RAY Греческие половинки в сиропе, 850г;Green Ray персики половинками;Консервированные фрукты;850;мл
Bonduelle 400 гр;Bonduelle зеленый горошек;Консервированный горошек;400;г
Консервы рыбные 5 МОРЕЙ Сайра натуральная, 250 г;«5 морей» сайра;Консервы рыбные;250;г
Консервы рыбные 5 МОРЕЙ Скумбрия, 250 г;«5 морей» скумбрия;Консервы рыбные;250;г
Тунец FORTUNA рубленый в масле, 185 г;Fortuna рубленый тунец в масле;Консервы рыбные;185;г
Горбуша MONOLITH Натуральная, 245г;Monolith горбуша;Консервы рыбные;245;г
230Г ПЕЧЕНЬ ТРЕСКИ ВК;«Вкусные консервы» печень трески;Консервы рыбные;230;г
Корм для кошек GOURMET Мини-филе с курицей, 85г;Gourmet филе с курицей;Корм для кошек мокрый;85;г
Влажный корм для кошек WHISKAS желе с курицей 85 грамм;Whiskas желе с курицей;Корм для кошек мокрый;85;г
Полнорационный сухой корм для взрослых кошек Perfect Fit Adult с говядиной 650 грамм;Perfect Fit Adult с говядиной;Корм для кошек сухой;650;г
Сухой корм для котят Whiskas Вкусные подушечки Аппетитное ассорти с индейкой и морковью 350 грамм;Whiskas с индейкой и морковью;Корм для кошек сухой;350;г
Влажный корм для взрослых собак всех пород PEDIGREE с говядиной в соусе 100 грамм;Pedigree говядина в соусе;Корм для собак мокрый;100;г
Сухой корм для собак CHAPPI Сытный мясной обед, Мясное изобилие с овощами и травами 600 грамм;Chappi мясо, овощи и травы;Корм для собак сухой;600;г
Кофе зерновой LAVAZZA Oro, 250 г;Lavazza Oro;Кофе зерновой;250;г
Кофе молотый LAVAZZA Oro, 250г;Lavazza Oro;Кофе молотый;250;г
Кофе сублимированный EGOISTE special арабика, 100г;Egoiste Special;Кофе растворимый;100;г
Кофе растворимый JACOBS Monarch, 75г;Jacobs Monarch;Кофе растворимый;75;г
Кофе растворимый NESCAFE Gold, 75г;Nescafe Gold;Кофе растворимый;75;г
Креветки коктейльные VICI очищенные с/м, 500 г;Vici очищенные креветки 200/300;Креветки замороженные;500;г
Tuc со вкусом пиццы, 100 г;Tuc пицца;Крекеры;100;г
Tuc original с солью, 100 г;Tuc с солью;Крекеры;100;г
Tuc со вкусом сыра, 100 г;Tuc сыр;Крекеры;100;г
Детский крем от опрелостей BABYLINE под подгузники, 125мл;Babyline крем под подгузники;Крем под подгузники;125;М
Крем для ухода за кожей NIVEA;Nivea крем;Кремы для кожи;75;мл
Крем для рук и ногтей KAMILL Intensive, 100 мл;Kamill Intensiv крем для рук и ногтей;Кремы для рук;100;мл
Крем для рук Комплексный уход (облепиха) NIVEA;Nivea крем для рук облепиха;Кремы для рук;75;мл
Kotayi;Kotanyi лавровый лист;Лавровый лист;4;г
Лампа LED OSRAM B40 5,4W E14 теплый свет;Osram LED E14 5,4W теплая;Лампочки;1;шт
Лампа LED OSRAM A75 9,5W E27, холодный свет;Osram LED E27 9,5W холодная;Лампочки;1;шт
Доширак со вкусом говядины 90г;«Доширак» говядина;Лапша быстрого приготовления;90;г
Доширак со вкусом курицы 90г;«Доширак» курица;Лапша быстрого приготовления;90;г
Фунчоза sen soy под китайским устричным соусом 125г;Sen Soy фунчоза в устричном соусе;Лапша быстрого приготовления;125;г
Фунчоза sen soy под японским соусом 125г;Sen Soy фунчоза в японском соусе;Лапша быстрого приготовления;125;г
Леденцы бон пари со вкусом фруктовый микс 75г;«Бон пари» фруктовый микс;Леденцы;75;г
Лосьон для тела NATURALIUM Малина, 370мл;Naturalium лосьон малина;Лосьоны для кожи;370;мл
Майонез МАХЕЕВЪ Провансаль 50,5%, 380г;«Махеевъ» Провансаль;Майонез;380;г
Майонез CALVE Классический 50%, 200 г;Calve классический;Майонез;200;г
Вермишель MAKFA паутинка, 450 г;«Макфа» вермишель;Макароны;450;г
Макфа витки;«Макфа» витки;Макароны;450;г
Макароны makfa петушиные гребешки 450г;«Макфа» петушиные гребешки;Макароны;450;г
Макароны makfa ракушки 450 г;«Макфа» ракушки;Макароны;450;г
Макфа спагетти;«Макфа» спагетти;Макароны;500;г
Макароны makfa спирали 450г;«Макфа» спирали;Макароны;450;г
Barilla спагетти №5;Barilla спагетти №5;Макароны;500;г
Макароны barilla girandole n.34 500г;Barilla Girandole;Макароны;500;г
Мистраль;«Мистраль» манная крупа;Манка;800;г
Мармелад МАРМЕЛАНДИЯ Ассорти, 255г;«Мармеландия» ассорти;Мармелад;255;г
Bonduelle;Bonduelle маслины;Маслины;300;г
360Г МАСЛИНЫ Б/К КРУПН ИБЕРИКА;Ibérica крупные маслины без косточки;Маслины;360;г
МАСЛО ОЛИВКОВОЕ ФИЛЬТ DE CECCO 1Л;De Cecco рафинированное;Масло оливковое;1;л
МАСЛО ОЛИВКОВОЕ EV DE CECCO 0,5Л;De Cecco нерафинированное;Масло оливковое;0.5;л
МАСЛО ПОДСОЛНЕЧНОЕ Р/Д ЗОЛОТАЯ СЕМЕЧКА 0,5Л;«Золотая семечка» рафинированное;Масло подсолнечное;0.5;л
МАСЛО ПОДСОЛНЕЧНОЕ Н/Р СЛОБОДА 1Л;«Слобода» нерафинированное;Масло подсолнечное;1;л
Простоквашино 72.5%;«Простоквашино» 72.5%;Масло сливочное;180;г
Мёд АЛТАЙ ЦВЕТ МАЙСКИЙ 500 г;«Берестов А.С.» цветочный мед;Мед;500;г
Домик в деревне 0.5-1.8%;«Домик в деревне» 0.5%;Молоко;950;г
Домик в деревне 0.5-1.8%;«Домик в деревне» 1.5%;Молоко;950;г
Простоквашино 1.5%;«Простоквашино» 1.5%;Молоко;950;г
Домик в деревне 1.8-3.5%;«Домик в деревне» 2.5%;Молоко;930;мл
Домик в деревне 1.8-3.5%;«Домик в деревне» 3.2%;Молоко;145;0
Простоквашино 3.2%;«Простоквашино» 3.2%;Молоко;950;мл
Углече поле 3.5%+;«Углече поле» 3.6–4.2%;Молоко;1;л
Parmalat 0.5-1.8%;Parmalat 0.5%;Молоко;1;л
Parmalat 0.5-1.8%;Parmalat 1.8%;Молоко;1;л
Молоко детское АГУША стерилизованное с витаминами 2,5%, 200г;«Агуша» стерилизованное;Молоко детское;200;мл
Молоко ТЁМА обогащенное 3,2% , 0,2л;«Тёма» обогащенное;Молоко детское;200;мл
Коктейль молочный чудо ваниль 2%;«Чудо» ваниль;Молочные коктейли;270;г
Коктейль молочный чудо клубника 2%;«Чудо» клубника;Молочные коктейли;270;г
Коктейль молочный чудо шоколадный 2%;«Чудо» шоколад;Молочные коктейли;270;г
Коктейль из морепродуктов FRUTTI DI MARE Delight, 850 г;Delight морской коктейль;Морепродукты замороженные;865;г
Мороженое молочное MARS батончик, 41,8г;Mars;Мороженое батончики;41.8;г
Мороженое молочное SNICKERS с карамелью и арахисом батончик, 48г;Snickers;Мороженое батончики;48;г
Мороженое молочное TWIX батончик, 40г;Twix;Мороженое батончики;40;г
Мороженое пломбир АЙСБЕРРИ Вологодский вафельный стаканчик, 100г;«Айсберри» «Вологодский пломбир»;Мороженое в вафельных стаканчиках;100;г
Мороженое пломбир КОРОВКА ИЗ КОРЕНОВКИ крем-брюле;«Коровка из Кореновки» крем-брюле;Мороженое в вафельных стаканчиках;100;г
Мороженое пломбир КОРОВКА ИЗ КОРЕНОВКИ вафельный стаканчик, 100г;«Коровка из Кореновки» пломбир;Мороженое в вафельных стаканчиках;100;г
Мороженое пломбир КОРОВКА ИЗ КОРЕНОВКИ шоколад;«Коровка из Кореновки» шоколад;Мороженое в вафельных стаканчиках;100;г
Мороженое пломбир ЧИСТАЯ ЛИНИЯ вафельный стаканчик, 80г;«Чистая линия» ванильное;Мороженое в вафельных стаканчиках;80;г
Мороженое пломбир ЧИСТАЯ ЛИНИЯ Фисташка вафельный;«Чистая линия» фисташковое;Мороженое в вафельных стаканчиках;80;г
Мороженое 48 КОПЕЕК Крем-брюле, 420мл;«48 копеек» крем-брюле;Мороженое в ведерках и брикетах;420;мл
Мороженое 48 КОПЕЕК пломбир, 420 мл;«48 копеек» пломбир;Мороженое в ведерках и брикетах;420;мл
Мороженое пломбир BASKIN ROBBINS Пралине ведерко, 1л;«Баскин Роббинс» пралине;Мороженое в ведерках и брикетах;600;г
Мороженое пломбир КОРОВКА ИЗ КОРЕНОВКИ Мраморный Фисташка полено, 400г;«Коровка из Кореновки» фисташки;Мороженое в ведерках и брикетах;400;г
Брикет пломбир ванильный, 200 г;«Петрохолод» ванильное;Мороженое в ведерках и брикетах;200;г
Мороженое пломбир АЙСБЕРРИ Ленинградское брикет, 80г;«Чистая линия» Ленинградское;Мороженое в ведерках и брикетах;80;г
Мороженое пломбир ЧИСТАЯ ЛИНИЯ Пломбироешка Шоколадное контейнер, 450г;«Чистая линия» шоколадное;Мороженое в ведерках и брикетах;450;г
Мороженое пломбир ЧИСТАЯ ЛИНИЯ Гигант рожок, 110г;«Чистая линия» ванильное;Мороженое в рожках;110;г
Мороженое ванильное EXTREME Фисташка-Миндаль рожок, 71г;Extreme фисташка-миндаль;Мороженое в рожках;71;г
Мороженое пломбир АЙСБЕРРИ Филевское эскимо, 80г;«Айсберри» Филевское;Мороженое эскимо;80;г
Мороженое пломбир МАГНАТ Крем-брюле эскимо, 80г;«Магнат» крем-брюле;Мороженое эскимо;80;г
Мороженое молочное МАГНАТ Брюнетка эскимо, 82г;«Магнат» с грецким орехом;Мороженое эскимо;82;г
Мороженое МАГНАТ Эскимо Марк де Шампань и клубника, 75г;«Магнат» с клубникой;Мороженое эскимо;75;г
Чистая линия пломбир в шоколадной глазури 80г;«Чистая линия» «Российское»;Мороженое эскимо;80;г
Мороженое пломбир ЧИСТАЯ ЛИНИЯ Российское эскимо, 70г;«Чистая линия» ванильное;Мороженое эскимо;70;г
Мороженое пломбир ЧИСТАЯ ЛИНИЯ Российское Клубника эскимо, 70г;«Чистая линия» клубника;Мороженое эскимо;70;г
Мороженое пломбир ЧИСТАЯ ЛИНИЯ Крем-брюле эскимо, 70г;«Чистая линия» крем-брюле;Мороженое эскимо;70;г
Мороженое пломбир ЧИСТАЯ ЛИНИЯ Российское Шоколад эскимо, 70г;«Чистая линия» шоколадное;Мороженое эскимо;70;г
Чудо-ягода 970 мл;«Чудо-ягода» брусничный;Морсы;970;мл
Чудо-ягода 970 мл;«Чудо-ягода» клюквенный;Морсы;970;мл
Чудо-ягода 970 мл;«Чудо-ягода» ягоды;Морсы;970;мл
Жидкое крем-мыло БАРХАТНЫЕ РУЧКИ Антибактериальный комплекс, 240 мл;«Бархатные ручки» антибактериальное;Мыло жидкое;240;мл
Жидкое крем-мыло БАРХАТНЫЕ РУЧКИ Интенсивное питание, 240мл;«Бархатные ручки» интенсивное питание;Мыло жидкое;240;мл
Жидкое мыло PALMOLIVE Натурэль Интенсивное увлажнение с экстрактом оливы и увлажняющим молочком, 300 мл;Palmolive олива и молочко;Мыло жидкое;300;мл
Крем-мыло DOVE Красота и уход, 135г;Dove «Красота и уход»;Мыло твердое;135;г
Крем-мыло DOVE Кокосовое молочко и лепестки жасмина, 135г;Dove кокосовое молочко-жасмин;Мыло твердое;135;г
Крем-мыло Увлажнение и забота NIVEA;Nivea «Увлажнение и забота»;Мыло твердое;100;мл
Мыло PALMOLIVE Натурэль Баланс и Мягкость, 90 г;Palmolive ромашка и витамин E;Мыло твердое;90;г
Средство для мытья посуды FAIRY Зеленое яблоко, 450 мл;Fairy «Зеленое яблоко»;Мытье посуды;450;мл
Средство для мытья посуды FAIRY Platinum Лимон и Лайм;Fairy Platinum «Лимон и лайм»;Мытье посуды;650;мл
Гель для мытья посуды FROSCH, 500 мл;Frosch малина;Мытье посуды;500;мл
Средство BIO MIO BIO-Care Мандарин экологичное для мытья посуды, овощей и фруктов, 450 мл;BioMio для мытья посуды, овощей и фруктов;Мытье посуды;450;мл
Губка ARIX с фиброй для деликатных поверхностей, 10 шт;Arix губка;Мытье посуды;10;шт
Грудинка особая ОСТАНКИНО нарезка, 150г;«Останкино» грудинка;Мясная нарезка;150;г
Карбонад юбилейный ОСТАНКИНО нарезка, 150г;«Останкино» карбонад;Мясная нарезка;150;г
Шейка столичная ОСТАНКИНО нарезка, 150г;«Останкино» шейка;Мясная нарезка;150;г
Говядина ЦАРИЦЫНО особая варено-копченая высший сорт нарезка, 150 г;«Царицыно» говядина;Мясная нарезка;150;г
Окорок LA FELINESE сыровяленый нарезка, 100г;La Felinese прошутто крудо;Мясная нарезка;100;г
Stabucks caramel macchiato 220мл;Starbucks Caramel Macchiato;Напитки Starbucks;220;мл
Stabucks frappuccino coffee 1.2% 250мл;Starbucks Frappuccino Mocha;Напитки Starbucks;250;мл
Наполнитель для кошачьих туалетов CAT STEP, 1800 г;Cat Step;Наполнитель для кошек;1800;г
Гигиенический наполнитель для кошачьего туалета CATSAN (Впитывающий) 5 литров;Catsan;Наполнитель для кошек;5;л
Нектар добрый грушевый 1л;«Добрый» грушевый;Нектары;1;л
Нектар любимый спелый томат 950мл;«Любимый» томатный;Нектары;950;мл
Нектар фруктовый сад яблоко-вишня-черноплодная рябина 950мл;«Фруктовый сад» яблоко-вишня-черноплодка;Нектары;950;мл
Нектар фруктовый сад яблоко-персик 200мл;«Фруктовый сад» яблоко-персик;Нектары;200;мл
Нектар фруктовый сад яблоко-персик 950мл;«Фруктовый сад» яблоко-персик;Нектары;950;мл
Нектар rich апельсин-манго 300мл;Rich апельсин-манго;Нектары;300;мл
Носовые платки zewa deluxe 10шт 3 слоя;Zewa Deluxe носовые платки;Носовые платки;10;шт
Ополаскиватель для полости рта LISTERINE Защита от кариеса;Listerine «Защита от кариеса»;Ополаскиватели для рта;250;мл
Ополаскиватель для полости рта LISTERINE Total care, 250 мл;Listerine Total Care;Ополаскиватели для рта;250;мл
Ополаскиватель для белья FROSCH, 750мл;Frosch ополаскиватель;Ополаскиватели и пятновыводители;750;мл
Пятновыводитель VANISH, 1л;Vanish пятновыводитель;Ополаскиватели и пятновыводители;1;л
Освежитель воздуха CHIRTON Морская Свежесть, 300мл;Chirton освежитель «Морская свежесть»;Освежители воздуха;300;мл
Пакеты для мусора PACLAN 15шт 35л;Paclan 35 л;Пакеты для мусора;15;шт
Пастила ШАРМЭЛЬ ванильная, 221г;«Шармэль» ванильная пастила;Пастила;221;г
Паштет Hame из гусиной печени 105г;Hame из гусиной печени ;Паштет;105;г
Паштет Hame из индейки 105г;Hame из индейки;Паштет;105;г
Паштет Hame из мяса птицы 105г;Hame из мяса птицы;Паштет;105;г
800Г ПЕЛЬМЕНИ КЛАССИЧЕСК SK;«Сибирская коллекция» классические;Пельмени;800;г
800Г ПЕЛЬМЕНИ ФИРМЕННЫЕ SK;«Сибирская коллекция» фирменные;Пельмени;800;г
Пельмени КЛАССИКА ЦЕЗАРЬ 800 г;«Цезарь» классика;Пельмени;800;г
Пена для бритья GILLETTE для чувствительной кожи 250 мл;Gillette Series пена чувствительная кожа;Гели для бритья;250;мл
Юбилейное молочное, с молочной глазурью, 116 г;«Юбилейное» с молочной глазурью;Печенье;116;г
Юбилейное традиционное, 112 г;«Юбилейное» традиционное;Печенье;112;г
CHOCO BOY ОРИОН,45Г;Печенье Orion Choco Boy;Печенье;45;г
Belvita сэндвич, злаки и йогурт 253 г;Belvita йогуртовая начинка;Печенье;253;г
Belvita утреннее, мёд и фундук, 225 г;Belvita с фундуком и медом;Печенье;225;г
Milka В молочном шоколаде;Milka в молочном шоколаде;Печенье;200;г
Oreo шоколадное, 95 г;Oreo ваниль;Печенье;95;г
Oreo с шоколадом, 228 г;Oreo шоколад;Печенье;228;г
WAGON WHEELS С Джемом, 216 г;Wagon Wheels с джемом;Печенье;216;г
0,45Л ПИВО БАЛТИКА №0 Б/А ЖБ;Балтика 0;Пиво безалкогольное;450;мл
0,45 ПИВО АМСТЕЛ Б/А БАН;Amstel;Пиво безалкогольное;450;мл
0,5Л ПИВО ХЕЙНЕКЕН Б/А СТ;Heineken;Пиво безалкогольное;0.5;л
0,5Л ПИВО ПАУЛАНЕР ХЕФВАЙС Б/А;Paulaner Hefe-Weißbier;Пиво безалкогольное;0.5;л
Пицца RISTORANTE 4 сыра, 340г;Dr Oetker 4 сыра;Пицца замороженная;340;г
Пицца RISTORANTE с ветчиной, 320 г;Dr Oetker ветчина;Пицца замороженная;330;г
Пицца RISTORANTE ветчина и грибы, 350г;Dr Oetker ветчина-грибы;Пицца замороженная;350;г
Пицца RISTORANTE Salame Mozzarella Pesto, 380г;Dr Oetker салями-моцарелла;Пицца замороженная;360;г
Пицца RISTORANTE шпинат, 390г;Dr Oetker шпинат;Пицца замороженная;390;г
SILKOPLAST;Silkoplast пластырь;Пластыри;20;шт
84ШТ HUGGIES ПОДГ ELITE SOFT ДО 5КГ;Huggies Elite Soft 1 (до 5 кг);Подгузники;84;шт
80ШТ HUGGIES ЭЛИТСОФТ3 (5-9КГ);Huggies Elite Soft 3 (5-9 кг);Подгузники;80;шт
66ШТ HUGGIES ЭЛИТСОФТ4(8-14КГ);Huggies Elite Soft 4 (8-14 кг);Подгузники;66;шт
56ШТ HUGGIES ПОДГ ELIT SOFT 5 12-22КГ;Huggies Elite Soft 5 (12-22кг);Подгузники;56;шт
54ШТ HUGGIES ТРУC. ЭЛИТ СОФТ 6-11КГ;Huggies Elite Soft 3 (6-11 кг);Подгузники-трусики;54;шт
42ШТ HUGGIES ТРУC. ЭЛИТ СОФТ 9-14КГ;Huggies Elite Soft 4 (9-14 кг);Подгузники-трусики;42;шт
38ШТ HUGGIES ТРУC ЭЛИТ СОФТ 12-17КГ;Huggies Elite Soft 5 (12-17 кг);Подгузники-трусики;38;шт
Подгузники-трусики MERRIES М 3 (6-10кг), 22 шт;Merries М (6-11 кг);Подгузники-трусики;58;шт
Подгузники-трусики MERRIES ХXL 15-28кг, 26шт;Merries XXL (15-28 кг);Подгузники-трусики;26;шт
Таблетки для посудомоечных машин FINISH All in 1 в упаковке, 25шт;Finish All in 1 таблетки;Посудомойка;25;шт
Таблетки для посудомоечной машины BIO MIO, 30 шт;Bio Mio таблетки;Посудомойка;30;шт
Ополаскиватель для посудомоечных машин FINISH;Finish ополаскиватель;Посудомойка;400;мл
Соль для посудомоечных машин FINISH, 1,5кг;Finish соль;Посудомойка;1.5;кг
Прокладки ALWAYS CLASSIC NORMAL 9 шт;Always Classic Normal Single;Прокладки;9;шт
Прокладки ALWAYS Platinum ultra нормал плюс, 8 шт;Always Platinum Ultra Normal Plus;Прокладки;8;шт
Прокладки ALWAYS Ultra Light Duo, 20шт;Always Ultra Light Duo;Прокладки;20;шт
Прокладки ALWAYS Ultra Night, 7 шт;Always Ultra Night;Прокладки;7;шт
Прокладки ALWAYS ultra norm plus, 8 шт;Always Ultra Norm Plus;Прокладки;10;шт
Прокладки ALWAYS ультра найт платинум 6 шт;Always Ultra Platinum Night Single;Прокладки;6;шт
РОТ ФРОНТ Коровка Вареная сгущенка;«Коровка» пряники с вареной сгущенкой;Пряники;300;г
Пюре мясное ТЕМА говядина с 6+ месяцев, 100г;«Тёма» говядина;Пюре мясное детское;100;г
Пюре мясное ТЕМА индейка с 6+ месяцев, 100г;«Тёма» индейка;Пюре мясное детское;100;г
Пюре мясное ТЕМА говядина с гречневой крупой с 6+ месяцев;«Тёма» с гречневой крупой;Пюре мясное детское;100;г
Пюре мясное ТЕМА цыпленок с кабачками и рисом, 100г;«Тёма» цыпленок с кабачками и рисом;Пюре мясное детское;100;г
Пюре фруктовое АГУША Я САМ банан, 90г;«Агуша» банан;Пюре фруктовое детское;90;г
Пюре АГУША мультифрукт, 90 г;«Агуша» мультифрукт;Пюре фруктовое детское;90;г
Пюре АГУША яблоко, 90 г;«Агуша» яблоко;Пюре фруктовое детское;90;г
Пюре АГУША Печенье яблоко-банан, 90 г;«Агуша» яблоко-банан-печенье;Пюре фруктовое детское;90;г
Мистраль;«Мистраль» басмати;Рис;500;г
Мистраль;«Мистраль» белый «Индика»;Рис;1;кг
Мистраль;«Мистраль» коричневый «Индика»;Рис;1;кг
Масляная рыба МЕРИДИАН ломтики холодного копчения, 120г;«Меридиан» масляная рыба х/к;Рыба нарезка;120;г
Семга подкопченная МЕРИДИАН, 120 г;«Меридиан» подкопченая семга;Рыба нарезка;120;г
Семга МЕРИДИАН ломтики слабосоленая, 120г;«Меридиан» слабосоленая семга;Рыба нарезка;120;г
Желтый полосатик 5 ОКЕАН сушеный,70г;«5 океан» желтый полосатик;Рыба сушеная;70;г
Соломка рыбная 5 ОКЕАН, 70 г;«5 океан» рыбная соломка;Рыба сушеная;70;г
Кальмар сушеный 5 ОКЕАН, 70 г;«5 океан» сушеный кальмар;Рыба сушеная;70;г
Клешни краба VICI в панировке, 260г;Vici клешни краба в панировке;Рыбные продукты замороженные;260;г
Наггетсы рыбные VICI из филе замороженные, 350г;Vici рыбные наггетсы;Рыбные продукты замороженные;350;г
Домик в деревне 3.2%;«Домик в деревне» 3.2%;Ряженка;1;кг
Салфетки GAL чистящие для экрана CL120;Gal 100 влажные;Салфетки;120;шт
Салфетки 3 слоя RIOBA, 50 шт;Rioba трехслойные;Салфетки;50;шт
Салфетки влажные salfeti антибактериальные 72шт;Salfeti антибактериальные;Салфетки;72;шт
Салфетки бумажные zewa everyday косметические 150шт 2 слоя;Zewa Everyday двухслойные;Салфетки;150;шт
Салфетки влажные Merries детские 54шт;Merries влажные салфетки;Салфетки детские;54;шт
САХАР КОРИЧНЕВЫЙ КУСКОВОЙ МИСТРАЛЬ 500Г;«Мистраль» тростниковый;Сахар кусковой;500;г
САХАР КУСКОВОЙ ЧАЙКОФСКИЙ 1КГ;«Чайкофский» рафинад;Сахар кусковой;1;кг
500Г САХАР ТЕМНЫЙ КУСКОВОЙ;Dansukker темный кусковой;Сахар кусковой;500;г
САХАР НЕРАФИНИРОВАННЫЙ ДЕМЕРАРА 900Г;«Мистраль» тростниковый;Сахар песок;900;г
Ванильный сахар РАСПАК, 1кг;«Распак» ванильный;Сахар песок;1;кг
Заменитель сахара MILFORD сукралоза с инулином, 370шт;Milford заменитель сахара;Сахар-заменитель;370;Т
От Мартина отборные 100г;«От Мартина» отборные;Семечки;100;г
От Мартина с морской солью 300г;«От Мартина» с солью;Семечки;300;г
От Мартина тыквенные 100г;«От Мартина» тыквенные;Семечки;100;г
Домик в деревне 10%;«Домик в деревне» 10%;Сливки;200;мл
Альпенгурт стерилизованные легкие 18%;«Альпернгурт» легкие 18%;Сливки;250;мл
Домик в деревне 20%;«Домик в деревне» 20%;Сливки;200;г
Сливки порционные CAMPINA для кофе 10%, 10х10г;Campina для кофе 10%;Сливки для кофе;10;шт
Простоквашино 10%;«Простоквашино» 10%;Сметана;315;г
Простоквашино 15%;«Простоквашино» 15%;Сметана;315;г
Простоквашино 20%;«Простоквашино» 20%;Сметана;315;г
Соевый соус Heinz;Heinz соевый соус;Соевый соус;150;мл
Добрый 1л;Добрый;Сок ананасовый;1;л
Сады придонья;Сады Придонья;Сок ананасовый;1;л
Rich 1л;Rich;Сок ананасовый;1;л
Добрый 1л;Добрый;Сок апельсиновый;1;л
Сады придонья;Сады Придонья;Сок апельсиновый;1;л
Rich 1л;Rich;Сок апельсиновый;1;л
Rich 1л;Rich;Сок апельсиновый;1;л
Добрый апельсин с мякотью 330 мл;«Добрый» с мякотью;Сок апельсиновый;330;мл
Rich 200 мл;Rich;Сок апельсиновый;200;мл
Сады придонья;Сады Придонья;Сок виноградный;1;л
Rich 1л;Rich;Сок виноградный;1;л
Сады придонья;Сады Придонья;Сок вишневый;1;л
Rich 1л;Rich;Сок вишневый;1;л
Сады придонья;Сады Придонья;Сок грейпфрут;1;л
Rich 1л;Rich;Сок грейпфрут;1;л
Сок детский АГУША Груша осветленный, 500мл;«Агуша» груша;Сок детский;0.5;л
Сок АГУША Яблоко осветленный, 200мл;«Агуша» яблоко;Сок детский;200;мл
Сок АГУША Яблоко-персик с мякотью для детей, 200мл;«Агуша» яблоко-персик с мякотью;Сок детский;200;мл
Сок АГУША Яблоко-шиповник осветленный для детей с 5 месяцев, 200мл;«Агуша» яблоко-шиповник;Сок детский;200;мл
Добрый 1л;Добрый;Сок мультифрукт;1;л
Rich 1л;Rich;Сок мультифрукт;1;л
Добрый 330 мл;Добрый;Сок мультифрукт;330;мл
Сок добрый мультифруктовый 200мл;Добрый;Сок мультифрукт;200;мл
Сады придонья;Сады Придонья;Сок мультифрукт;200;мл
Сок добрый томатный 330мл;Добрый томатный;Сок томатный;330;мл
Сок сады придонья яблоко-вишня 1л;«Сады Придонья» яблоко-вишня;Сок яблоко+;1;л
Сок сады придонья яблоко-персик с мякотью 1л;«Сады Придонья» яблоко-персик;Сок яблоко+;1;л
Сок добрый яблоко-вишня 200мл;«Добрый» яблоко-вишня;Сок яблоко+;200;мл
Сок добрый яблоко-груша 200мл;«Добрый» яблоко-груша;Сок яблоко+;200;мл
Добрый 1л;Добрый;Сок яблочный;1;л
Сады придонья;Сады Придонья;Сок яблочный;1;л
Rich 1л;Rich;Сок яблочный;1;л
Добрый 200 мл;Добрый;Сок яблочный;200;мл
Дядя Ваня;«Дядя Ваня» маринованные помидоры;Соленья;680;г
Bonduelle шампиньоны;Bonduelle маринованные шампиньоны;Соленья;280;г
530Г КОРНИШОНЫ СЛАДКИЕ КЮНЕ;Kühne корнишоны;Соленья;530;г
Сосиски Велкомовские ВЕЛКОМ, 600г;«Велком» велкомовские;Сосиски;600;г
Сосиски ДЫМОВ Докторские, 464 г;«Дымов» докторские;Сосиски;464;г
Сосиски молочные КЛИНСКИЙ МК, 530г;«Клинский» молочные;Сосиски;530;г
СосискиОстанкино филейные, в вакууме, 495 г;«Останкино» филейные;Сосиски;495;г
Сосиски Докторские РУБЛЕВСКИЙ МПЗ, 560 г;«Рублевский» докторские;Сосиски;560;г
Сосиски РУБЛЕВСКИЕ, 480г;«Рублевский» рублевские;Сосиски;480;г
Спрей от солнечных и термических ожогов СКОРАЯ ПОМОЩЬ Пантенол, 130мл;«Пантенол» спрей от ожогов;Спреи от ожогов;130;мл
Стиральный порошок TIDE автомат, детский 400 г;Tide детский автомат;Стиральные порошки детские;400;г
Жидкий порошок TIDE Альпийская Свежесть, 1,235 л;Tide «Альпийская свежесть»;Стиральные порошки жидкие;1.235;л
Средство для стирки TIDE LENOR FRESH 1.235 л;Tide с ароматом Lenor;Стиральные порошки жидкие;1.235;л
Гель для стирки TIDE Color, 1,235 л;Tide Color;Стиральные порошки жидкие;1.235;л
Капсулы для стирки PERSIL Duo Caps Color 360 в упаковке;Persil Color;Стиральные порошки капсулы;14;шт
Капсулы TIDE с прикосновением аромата Lenor, 15 шт;Tide Lenor;Стиральные порошки капсулы;15;шт
Стиральный порошок PERSIL Колор, 450г;Persil Color;Стиральные порошки сухие;450;г
Стиральный порошок PERSIL Expert Свежесть Вернеля, 450г;Persil «Свежесть от Vernel»;Стиральные порошки сухие;450;г
Три корочки ржаные с беконом 40г;«Три корочки» бекон;Сухарики;40;г
Три корочки ржаные семга с сыром 40г;«Три корочки» семга и сыр;Сухарики;40;г
Три корочки ржаные томат и зелень 40г;«Три корочки» томат и зелень;Сухарики;40;г
Три корочки ржаные с холодцом и хреном 40г;«Три корочки» холодец и хрен;Сухарики;40;г
Сухая молочная смесь NAN Optipro 1 с рождения, 400г;NAN Optipro 1 с рождения;Сухая смесь детская;400;г
Сухая молочная смесь NAN Optipro 2 с 6 месяцев, 400г;NAN Optipro 2 с 6 месяцев;Сухая смесь детская;400;г
Сухая смесь NAN 1 гипоаллергенный, 400г;NAN 1 гипоаллергенная;Сухая смесь детская;400;г
Сухая смесь NAN безлактозный, 400г;NAN безлактозная;Сухая смесь детская;400;г
Сушки Хлебный дом маковые, 400 г;«Малышка» маковые;Сушки и баранки;400;г
Мини-сушки СЕМЕЙКА ОЗБИ простые, 150г;«Семейка Озби» мини простые;Сушки и баранки;150;г
Мини-сушки СЕМЕЙКА ОЗБИ с солью, 150г;«Семейка Озби» мини с солью;Сушки и баранки;150;г
Семейка Озби сдобные 500г;«Семейка Озби» сдобные;Сушки и баранки;500;г
Dorblu classic с голубой плесенью 50%;Дор Блю;Сыр мягкий;100;г
President мягкий с белой плесенью 60%;President Бри;Сыр мягкий;200;г
Vitalat мягкий с белой плесенью 45%;Vitalat Камамбер;Сыр мягкий;125;г
Сыр плавленый HOCHLAND тостовый маасдам, 150г;Hochland Маасдам;Сыр плавленый;150;г
Сыр плавленый HOCHLAND тостовый чизбургер, 150г;Hochland чизбургер;Сыр плавленый;150;г
Плавленый сыр VIOLA сливочный, 140г;Viola;Сыр плавленый;140;г
Сыр плавленый VIOLA, 130 г;Viola;Сыр плавленый;130;г
Плавленый сыр VIOLA с ветчиной, 140г;Viola с ветчиной;Сыр плавленый;140;г
Брест-литовск 45%;«Брест-Литовск» куском;Сыр полутвердый;200;г
Брест-литовск нарезка;«Брест-Литовск» классический;Сыр полутвердый;150;г
Сыр VALIO Российский нарезка 50%, 140г;Valio Российский;Сыр полутвердый;140;г
Савушкин голландский нарезка 45%;«Савушкин продукт» Голландский;Сыр полутвердый;150;г
Ламбер 50%;Ламбер;Сыр полутвердый;230;г
Тильзитер нарезка LAMBER, 150г;«Ламбер» «Тильзитер» ;Сыр полутвердый;150;г
Сыр VALIO Гауда нарезка 48%, 140г;Valio Гауда;Сыр полутвердый;140;г
Сыр LAIME Маасдам полутвердый нарезка 45%, 150г;Laime Маасдам;Сыр полутвердый;150;г
Умалат 45%;«Умалат» Сулугуни;Сыр полутвердый;280;г
Cheese gallery козий 50%;Cheese Gallery козий;Сыр полутвердый;175;г
Cheese gallery белый нарезка 45%;Cheese gallery Чеддер;Сыр полутвердый;150;г
Hochland;Hochland Фетакса;Сыр свежий;200;г
Galbani мини 45%;Galbani моцарелла мини;Сыр свежий;150;г
President белый соломка 35%;President Чечил косичка;Сыр свежий;180;г
Hochland 60%;Hochland сливочный творожный;Сыр свежий;220;г
Laime 40%;Laime Пармезан;Сыр твердый;175;г
Сырок глазированный Б.Ю. АЛЕКСАНДРОВ в молочном шоколаде 15%, 150мл;«Б.Ю.Александров» 15% в мол. шоколаде ;Сырки;150;г
Сырок творожный Б.Ю.АЛЕКСАНДРОВ в темном шоколаде 5% 50г;«Б.Ю.Александров» 5% в тем. шоколаде;Сырки;50;г
Б.Ю.Александров картошка в молочном шоколаде 20%;«Б.Ю.Александров» 20% «Картошка»;Сырки;50;г
Сырок творожный глазированный Б.Ю. АЛЕКСАНДРОВ в молочном шоколаде с ванилином 26%, 50г;«Б.Ю.Александров» 26% в мол. шоколаде ;Сырки;50;г
Сырок творожный глазированный Б.Ю. АЛЕКСАНДРОВ в настоящем шоколаде, 26% 50г;«Б.Ю.Александров» 26% в тем. шоколаде;Сырки;50;г
Сырок творожный глазированный Б.Ю.АЛЕКСАНДРОВ со сгущенным молоком 26% , 50 г;«Б.Ю.Александров» 26% со сгущенкой;Сырки;50;г
Сырок творожный глазированный Б. Ю. АЛЕКСАНДРОВ Суфле в молочном шоколаде с ванилью, 40г;«Б.Ю.Александров» суфле;Сырки;40;г
Творожная масса РОСТАГРОЭКСПОРТ Особая с сахаром и изюмом 23%, 180г;«Ростагроэкспорт» творожная масса;Сырки;180;г
Сырок творожный ТВОРОБУШКИ 180;«Творобушки» с ванилью;Сырки;180;г
Творожный сырок РОСТАГРОЭКСПОРТ с сахаром и ароматом ванили 16,5%, 90г;Ростагроэкспорт;Сырки;90;
Тампоны O.B. EXTRADEFENCE SUPER + 16 шт;o.b. Extra Defence Super+ Comfort;Тампоны;16;шт
Тампоны O.B. procomfort mini, 16 шт;o.b. ProComfort Mini;Тампоны;16;шт
Тампоны O.B. procomfort normal, 16 шт;o.b. ProComfort Normal;Тампоны;16;шт
Тампоны O.B. procomfort super, 16 шт;o.b. ProComfort Super;Тампоны;16;шт
Тампоны O.B. procomfort super plus, 16 шт;o.b. ProComfort Super Plus;Тампоны;16;шт
Творог ИСКРЕННЕ ВАШ обезжиренный, 180 г;«Искренне ваш» обезжиренный;Творог;180;г
Простоквашино 2%;«Простоквашино» 2%;Творог;220;г
Простоквашино 5%;«Простоквашино» 5%;Творог;220;г
Простоквашино 9%;«Простоквашино» 9%;Творог;220;г
Творог АГУША абрикос/морковь, 3,9% 100г;«Агуша» абрикос-морковь;Творог детский;100;г
Творог АГУША груша 3,9% 100г;«Агуша» груша;Творог детский;100;г
Творог АГУША злаки 3,9%, 100г;«Агуша» злаки;Творог детский;100;г
Творог АГУША классический 4,5% с 6 месяцев, 50г;«Агуша» классический;Творог детский;50;г
Творог БРАТЬЯ ЧЕБУРАШКИНЫ 2%, 200г;«Братья Чебурашкины» 2%;Творог мягкий;200;г
Творог БРАТЬЯ ЧЕБУРАШКИНЫ 9%, 200г;«Братья Чебурашкины» 9%;Творог мягкий;200;г
Danone мягкий 5%;Danone мягкий 5%;Творог мягкий;170;г
Valio мягкий 0.1%;Valio мягкий обезжиренный;Творог мягкий;180;г
250МЛ СОУС-МАРИН.ТЕРИАКИ КИККОМАН;Kikkoman терияки;Терияки;250;мл
Томатная паста Помидорка, Heinz;Heinz томатная паста;Томатная паста;70;г
Almondy миндальный 400г;Торт Almondy миндальный;Торты;400;г
Тряпка для мытья пола ARIX, 3шт;Arix тряпка для пола;Тряпки;3;шт
Тряпка VILEDA губчатая, 3 шт;Vileda губчатая тряпка;Тряпки;3;шт
Туалетная бумага ZEWA 2 слоя, 4 рулона;«Zewa Плюс» 2 слоя;Туалетная бумага;4;шт
Туалетная бумага PAPIA белая 3 слоя, 4 рулона;Papia 3 слоя;Туалетная бумага;4;шт
Влажная туалетная бумага Zewa Kids;Zewa Kids туалетная бумага;Туалетная бумага детская;42;шт
Средство для чистки ковров VANISH, 750мл;Vanish Gold для ковров;Уборка;750;мл
Универсальное чистящее средство CILLIT BANG, 750мл;Cilit Bang против налета и ржавчины;Уборка;750;мл
Средство для очистки стекол MR. MUSCLE, 500 мл;Mr Muscle для стекол;Уборка;500;мл
Моющая жидкость для полов и стен MR.PROPER Лимон, 1л;Mr Proper для полов и стен;Уборка;1;л
Средство для прочистки труб TIRET Турбо, 500мл;Tiret Turbo против засоров;Уборка;500;мл
Варенье Экопродукт Вологодское клубничное, банка 370 г;«Вологодское варенье» клубничное;Варенье;370;г
Варенье вологодское домашнее малиновое 370г;«Вологодское варенье» малиновое;Варенье;370;г
Варенье Экопродукт Вологодское черничное, банка 370 г;«Вологодское варенье» черничное;Варенье;370;г
Уксус KUHNE белое вино 6%, 250 мл;Kühne уксус из белого вина;Уксус;250;мл
750МЛ УКСУС 5% ЯБЛОЧ. КЮНЕ;Kühne уксус яблочный;Уксус;750;мл
62,5ГХ4 БУЛОЧКИ ДЛЯ ХОТ-ДОГОВ;Булочки для хот-догов;Хлеб в пакетах;4;шт
"200Г ЛАВАШ ""АРМЯНСКИЙ""";Лаваш армянский;Хлеб в пакетах;200;г
280Г ХЛЕБЦЫ ШВЕДСКИЕ;Fazer шведские;Хлеб в пакетах;280;г
470Г ХЛЕБ ПШЕНИЧНЫЙ HARRY'S;Harry's пшеничный;Хлеб в пакетах;470;г
Хлебцы DR.KORNER кукурузные 130г;Dr. Korner кукурузные;Хлебцы;130;г
Хлебцы тонкие хрустящие DR.KORNER рисовые, 100 г;Dr. Korner рисовые;Хлебцы;100;г
100Г ХЛЕБЦЫ ДР КЕРНЕР КЛЮКВА;Dr. Korner с клюквой;Хлебцы;100;г
Finn crisp многозерновые 175г;Finn Crisp многозерновые;Хлебцы;175;г
Finn crisp original ржаные 100г;Finn Crisp ржаные;Хлебцы;100;г
Finn crisp бородинские с кориандром 180г;Finn Crisp с кориандром;Хлебцы;180;г
Finn crisp с отрубями 200г;Finn Crisp с отрубями;Хлебцы;200;г
Finn crisp с чесноком 175г;Finn Crisp с чесноком;Хлебцы;175;г
Хлебцы Fitstart брусника/имбирь/мёд,100г;Fitstart с брусникой, имбирем и медом;Хлебцы;100;г
Nestle gold;Nestle Gold кукурузные;Хлопья;300;г
ХЛОПЬЯ 4 ЗЛАКА С ОТРУБЯМИ NORDIC 600Г;Nordic 4 злака с отрубями;Хлопья;600;г
ХЛОПЬЯ ОВСЯНО-РЖАНЫЕ ОТРУБИ ЛЁН NORDIC 600Г;Nordic овсяно-ржаные со льном;Хлопья;600;г
Nordic;Nordic овсяные;Хлопья;500;г
ХЛОПЬЯ ОВСЯНЫЕ ОРГАНИК NORDIC 600Г;Nordic овсяные органические;Хлопья;600;г
ХЛОПЬЯ ОВСЯНЫЕ C ОТРУБЯМИ NORDIC 600Г;Nordic овсяные с отрубями;Хлопья;600;г
ХЛОПЬЯ ПШЕННЫЕ NORDIC 500Г;Nordic пшенные;Хлопья;500;г
ХЛОПЬЯ РИСОВЫЕ NORDIC 800Г;Nordic рисовые;Хлопья;800;г
Lipton ice tea зеленый 500мл;Lipton зеленый;Холодный чай;0.5;л
Lipton ice tea лайм и мята 500мл;Lipton лайм-мята;Холодный чай;0.5;л
Lipton ice tea лимон 500мл;Lipton лимон;Холодный чай;0.5;л
Lipton ice tea облепиха 500мл;Lipton облепиха;Холодный чай;0.5;л
Lipton ice tea персик 500мл;Lipton персик;Холодный чай;0.5;л
Lipton ice tea черника 500мл;Lipton черника;Холодный чай;0.5;л
Lipton ice tea зеленый 1л;Lipton зеленый;Холодный чай;1;л
Lipton ice tea лимон 1л;Lipton лимон;Холодный чай;1;л
Fuzetea клубника-малина 1.5л;Fuze Tea зеленый клубника-малина;Холодный чай;1.5;л
haas;Haas хрен со сливками;Хрен;190;г
Перекусов;«Перекусовъ» хумус с паприкой и петрушкой;Хумус;150;г
Чай травяной GREENFIELD Wildberry Rooibos в пакетиках;Greenfield Wildberry Rooibos;Чай в пакетиках другой;25;шт
Чай черный GREENFIELD Earl Grey пакетированный в упаковке;Greenfield черный Earl Grey;Чай в пакетиках черный;20;шт
Чай черный GREENFIELD Golden Ceylon, 25х2г;Greenfield Golden Ceylon;Чай в пакетиках черный;25;шт
Чай черный GREENFIELD Sicilian Citrus в пирамидках, 20х1,8г;Greenfield Sicilian Citrus;Чай в пакетиках черный;20;шт
Чай GREENFIELD Spring Melody, 25х1,5г;Greenfield Spring Melody;Чай в пакетиках черный;25;шт
Чай GREENFIELD Summer Bouquet, 25х2г;Greenfield Summer Bouquet;Чай в пакетиках черный;25;шт
Чай черный LIPTON Earl Grey, 100х2г;Lipton Earl Grey;Чай в пакетиках черный;100;шт
Чай черный LIPTON Лесные ягоды, 20х1,8г;Lipton Forest Fruit;Чай в пакетиках черный;20;шт
Чай черный LIPTON Royal Ceylon пакетированный, 25х2г;Lipton Royal Ceylon;Чай в пакетиках черный;25;шт
Чай LIPTON Тропические фрукты, 20х1,8г;Lipton Tropical Fruit;Чай в пакетиках черный;20;шт
Чай RIOBA мятная свежесть, 20х2г;Rioba «Мятная свежесть»;Чай в пакетиках черный;20;шт
Чай RIOBA Эрл грей пакетированный, 20х2 г;Rioba «Эрл грей»;Чай в пакетиках черный;20;шт
Чай GREENFIELD jasmine dream, 200г;Greenfield жасминовый;Чай листовой жасминовый;200;г
Чай GREENFIELD Flying Dragon зеленый листовой, 200 г;Greenfield зеленый;Чай листовой зеленый;200;г
Черный чай AHMAD TEA Эрл Грей с бергамотом, 200 г;Ahmad Tea Earl Grey;Чай листовой черный;200;г
Чай GREENFIELD English Edition, 200 г;Greenfield English Edition;Чай листовой черный;200;г
Чай GREENFIELD golden ceylon листовой, 200г;Greenfield Golden Ceylon;Чай листовой черный;200;г
МЕЛЬНИЦА ЧЕРНЫЙ ПЕРЕЦ KOTANYI 36Г;Kotanyi черный перец;Черный перец;36;г
Мистраль;«Мистраль» чечевица;Чечевица;450;г
Delicados кукурузные, с кусочками лука и морской солью, 150 г;Delicados кукурузные с луком;Чипсы;150;г
Lay's со вкусом молодого зелёного лука, 240 г;Lay's молодой зеленый лук;Чипсы;240;г
Lay's со вкусом соли, 150 г;Lay's с солью;Чипсы;150;г
Lay's со вкусом сметаны и зелени, 240 г;Lay's сметана и зелень;Чипсы;240;г
Lay's Сметана и зелень;Lay's сметана и зелень;Чипсы;225;г
Lay's Maxx, со вкусом куриных крылышек барбекю, 145 г;Lay's Maxx крылышки барбекю;Чипсы;145;г
Pringles со вкусом бекона, 165 г;Pringles бекон;Чипсы;165;г
Pringles со вкусом ветчины и сыра, 165 г;Pringles ветчина и сыр;Чипсы;165;г
Pringles со вкусом краба, 165 г;Pringles краб;Чипсы;165;г
Pringles со вкусом оригинальные, 165 г;Pringles оригинальные;Чипсы;165;г
Pringles со вкусом сметаны и лука, 165 г;Pringles сметана и лук;Чипсы;165;г
PRINGLES Сыр, 165 г;Pringles сыр;Чипсы;165;г
Pringles Xtra, со вкусом сметаны и лука, 150 г;Pringles Xtra сметана и лук;Чипсы;150;г
Чипсы нори MIDORI в оливковом масле, 5 г;Midori в оливковом масле;Чипсы-нори;5;г
Чипсы нори MIDORI с васаби, 5 г;Midori нори с васаби;Чипсы-нори;5;г
Чипсы нори MIDORI с кимчи, 5 г;Midori нори с кимчи;Чипсы-нори;5;г
Шампунь CLEAR VITA ABE Защита от выпадения волос, 400мл;Clear Men против выпадения волос;Шампуни;400;мл
Фитошампунь CLEAR VITA ABE для мужчин, против перхоти;Clear Men против перхоти;Шампуни;400;мл
Шампунь ELSEVE LOW ЭКСПЕРТ ЦВЕТА 400 мл;Elseve окрашенные и ломкие волосы;Шампуни;400;мл
Шампунь ELSEVE LOW 400 мл;Elseve сухие и ломие волосы;Шампуни;400;мл
Шампунь HEAD AND SHOULDERS 2в1 основной уход против;Head&Shoulders против перхоти;Шампуни;400;мл
Шампунь HEAD AND SHOULDERS ментол, 90мл;Head&Shoulders против перхоти, ментол;Шампуни;90;мл
Детский шампунь LITTLE SIBERICA без слез с органическими экстрактами алоэ и солодки, 250мл;Little Siberica шампунь с алоэ и солодкой;Шампуни детские;250;мл
Шоколад Воздушный белый, пористый, 85 г;«Воздушный» белый пористый;Шоколад в плитках белый;85;г
Шоколад БАБАЕВСКИЙ с фундуком, 100г;«Бабаевский» темный с фундуком;Шоколад в плитках молочный;100;г
Шоколад ALPEN GOLD молочный, 90г;Alpen Gold;Шоколад в плитках молочный;90;г
Шоколад Alpen Gold с карамелью, мармеладом и печеньем, 160 г;Alpen Gold карамель, мармелад и печенье;Шоколад в плитках молочный;160;г
Шоколад Alpen Gold Оrео,95г;Alpen Gold Oreo арахисовая паста;Шоколад в плитках молочный;95;г
Шоколад Dove молочный, 90 г;Dove;Шоколад в плитках молочный;90;г
Шоколад Dove молочный, с цельным фундуком, 90 г;Dove с цельным фундуком;Шоколад в плитках молочный;90;г
Шоколад LINDT EXCELLENCE молочный 100 г;Lindt;Шоколад в плитках молочный;100;г
Шоколад молочный MILKA, 90г;Milka;Шоколад в плитках молочный;90;г
Шоколад молочный MILKA пористый, 80г;Milka пористый;Шоколад в плитках молочный;80;г
Шоколад молочный MILKA с печеньем Lu, 87г;Milka с печеньем Lu;Шоколад в плитках молочный;87;г
Шоколад NESQUIK, 100г;Nesquik;Шоколад в плитках молочный;100;г
Шоколад Ritter Sport молочный, карамельный мусс, 100 г;Ritter Sport карамель с миндалем;Шоколад в плитках молочный;100;г
Шоколад Ritter Sport молочный, лесной орех, 100 г;Ritter Sport лесной орех;Шоколад в плитках молочный;100;г
ШоколадRitter Sport молочный, с цельным лесным орехом, 100 г;Ritter Sport цельный лесной орех;Шоколад в плитках молочный;100;г
Шоколад Ritter Sport молочный, с цельным миндалем, 100 г;Ritter Sport цельный миндаль;Шоколад в плитках молочный;100;г
"ШОКОЛАД ""1895 WEINRICH"" С ЦЕЛЫМ ФУНДУКОМ, 100Г";Weinrich с цельным фундуком;Шоколад в плитках молочный;100;г
Шоколад БАБАЕВСКИЙ горький, 100г;«Бабаевский» 55% какао;Шоколад в плитках темный;100;г
Шоколад БАБАЕВСКИЙ элитный какао 75%, 100г;«Бабаевский» 75% какао;Шоколад в плитках темный;100;г
Шоколад БАБАЕВСКИЙ Элитный 75%, 200 г;«Бабаевский» 75% какао;Шоколад в плитках темный;200;г
Шоколад ВДОХНОВЕНИЕ Классический, 100г;Вдохновение;Шоколад в плитках темный;100;г
Шоколад РОССИЙСКИЙ горький 70%, 90 г;«Российский» 70% какао;Шоколад в плитках темный;90;г
АГ 85Г ТЕМН АПЕЛЬСИН 21КР;Alpen Gold с апельсиновыми кусочками;Шоколад в плитках темный;85;г
Шоколад Lindt горький, 85,%, cacao, 100 г;Lindt 85% какао;Шоколад в плитках темный;100;г
Шоколад Lindt тёмный, апельсин, 100 г;Lindt с апельсином и миндалем;Шоколад в плитках темный;100;г
Шоколад Lindt тёмный, карамель и соль, 100 г;Lindt с карамелью и солью;Шоколад в плитках темный;100;г
Шоколад Lindt тёмный, малина, 100 г;Lindt с малиной;Шоколад в плитках темный;100;г
Шоколад LINDT EXCELLENCE Чили 100 г;Lindt с перцем чили;Шоколад в плитках темный;100;г
ШоколадRitter Sport тёмный, с цельным лесным орехом, 100 г;Ritter Sport цельный лесной орех;Шоколад в плитках темный;100;г
Шоколадный батончик Bounty, 55г;Bounty;Шоколадные батончики;55;г
Шоколадный батончик Bounty трио, 82.5г;Bounty трио;Шоколадные батончики;82.5;г
Шоколадный батончик Mars, 50г;Mars;Шоколадные батончики;50;г
Шоколадный батончик Picnic грецкий орех, 52 г;Picnic грецкий орех;Шоколадные батончики;52;г
Шоколадный батончик Picnic с арахисом и карамелью, 38 г;Picnic с арахисом и карамелью;Шоколадные батончики;38;г
Шоколадный батончик Snickers, 50.5 г;Snickers;Шоколадные батончики;50.5;г
Шоколадный батончик Snickers с лесным орехом, 81 г;Snickers с лесным орехом;Шоколадные батончики;81;г
Шоколадный батончик Snickers super, 95 г;Snickers Super;Шоколадные батончики;95;г
Шоколад молочный Toblerone, 100г;Toblerone;Шоколадные батончики;100;г
Шоколадный батончик Kit Kat, 45г;Kit Kat;Шоколадные батончики;45;г
Батончик MILKY WAY шоколадный 1+1, 52г;Milky Way 1+1;Шоколадные батончики;52;г
Шоколадный батончик Snickers minis, 180 г;Snickers Minis;Шоколадные батончики;180;г
Шоколадный батончик TWIX, 55 г;Twix;Шоколадные батончики;55;г
Ferrero rocher 37.5г;Ferrero Rocher;Шоколадные конфеты;37.5;г
Adrenaline rush 500мл;Adrenaline Rush;Энергетики;0.5;л
Энергетический напиток ADRENALINE RUSH Orange Energy, 0,5л;Adrenaline Rush Orange Energy;Энергетики;0.5;л
Энергетический напиток BULLIT, 0,25л;Bullit;Энергетики;250;мл
Энергетический напиток BURN ж/б, 0,33л;Burn;Энергетики;330;мл
Энергетический напиток DRIVE ME, 0,5л;Drive Me;Энергетики;0.5;л
Энергетический напиток FLASH 0,45 л;Flash Up Energy;Энергетики;450;мл
Энергетический напиток NATURE RUSH энергия чая 0,325 л;Nature Rush малина-мята;Энергетики;325;мл
Энергетический напиток NATURE КОФЕ 0,325 л;Nature Rush шоколад-апельсин;Энергетики;325;мл
Red bull 250мл;Red Bull;Энергетики;250;мл
Энергетический напиток RED BULL, 0,355л;Red Bull;Энергетики;355;мл
Яйца окское с1 белые 10шт;«Окское» С1;Яйца;10;шт
Orion choco pie в глазури 6шт*30г;Orion Choco Pie в глазури;Choco Pie;6;шт
Orion choco pie шоколадное, lotte, cacao 336г;Orion Choco Pie шоколадный;Choco Pie;336;г
Coca-Cola;Coca-Cola;Coca-Cola;330;мл
Coca-Cola;Coca-Cola;Coca-Cola;1;л
Coca-Cola;Coca-Cola;Coca-Cola;1.5;л
Coca-Cola zero;Coca-Cola Zero;Coca-Cola;330;мл
Coca-Cola zero;Coca-Cola Zero;Coca-Cola;1;л
Coca-Cola zero;Coca-Cola Zero;Coca-Cola;1.5;л
Fanta;Fanta;Fanta;0.5;л
Fanta;Fanta;Fanta;1;л
Fanta;Fanta;Fanta;1.5;л
Heinz;Heinz барбекю;Heinz соусы;275;г
Heinz;Heinz грибной;Heinz соусы;230;г
Heinz;Heinz для спагетти;Heinz соусы;600;г
Heinz;Heinz кисло-сладкий;Heinz соусы;230;г
Heinz;Heinz песто;Heinz соусы;230;г
Heinz;Heinz сырный;Heinz соусы;230;г
Heinz;Heinz Терияки;Heinz соусы;230;г
Heinz;Heinz чесночный;Heinz соусы;230;г
Шоколадное яйцо KINDER Киндер-Сюрприз, 20г;Kinder Сюрприз;Kinder;20;г
Шоколад KINDER Chocolate, 50 г;Kinder Chocolate;Kinder;50;г
Kinder delice бисквитное в какао-глазури 39г;Kinder Delice;Kinder;39;г
Kinder pingui шоколад 30г;Kinder Pingui Шоколад;Kinder;30;г
Драже m&ms с молочным шоколадом 45г;M&M's с арахисом;M&M's;45;г
Драже mentos жевательные со вкусом мяты 37г;Mentos мята;Mentos;37;г
Драже mentos жевательные со вкусом фруктов 37г;Mentos фрукты;Mentos;37;г
Шоколадная паста Nutella 180г;Nutella;Nutella;180;г
Шоколадная паста Nutella 350г;Nutella;Nutella;350;г
Шоколадная паста Nutella 630г;Nutella;Nutella;630;г
Pepsi;Pepsi;Pepsi;0.5;л
Pepsi;Pepsi;Pepsi;1;л
Pepsi;Pepsi;Pepsi;1.5;л
Pepsi light;Pepsi Light;Pepsi;0.5;л
Pepsi light;Pepsi Light;Pepsi;1.5;л
Газированный напиток PEPSI Cherry, 0,33л;Pepsi Wild Cherry;Pepsi;0.5;л
Schweppes;Schweppes;Schweppes;0.5;л
Тоник SCHWEPPES Мохито, 0,5л;Schweppes «Мохито»;Schweppes;0.5;л
Драже skittles 2в1 38г;Skittles два в одном;Skittles;38;г
Драже skittles фрукты 100г;Skittles фрукты;Skittles;100;г
Sprite;Sprite;Sprite;0.5;л
Sprite;Sprite;Sprite;1;л
Sprite;Sprite;Sprite;1.5;л
Tic Tac Апельсин драже, 16 г;Tic Tac апельсин;Tic Tac;16;г
Драже «TicTac» Мята;Tic Tac мята;Tic Tac;16;г
WD-40;WD-40;WD-40;100;мл
"Семена тыквы ""Семушка"" жареные соленые 160 гр.";Жареные тыквенные семечки;;160;г
"Фундук сушеный ""Семушка"" 120 гр.";Сушеный фундук;;120;г
"Миндаль сушеный ""Семушка"" 120 гр.";Жареный миндаль;;120;г
"Фисташки жареные соленые ""Семушка"" 150 гр.";Жареные фисташки;;150;г
"Смесь жареных орехов и изюма ""Семушка"" 150 гр.";Жареные орехи и изюм;;150;г
"Фундук жареный ""Семушка"" 150 гр.";Жареный фундук;;150;г
"Кешью жареный ""Семушка"" 150 гр.";Жареный кешью;;150;г
"Миндаль жареный ""Семушка"" 150 гр.";Жареный миндаль;;150;г
"Грецкий орех ""Семушка"" 110 гр.";Ерецкие орехи;;110;г
"Кедровые орехи ""Семушка"" 150 гр.";Кедровые орехи;;150;г
"Сладкая смесь жареных орехов с цукатами ""Семушка"" 150 гр.";«Сладкая смесь орехов с цукатами;;150;г
"Арахис жареный соленый ""Семушка"" 150 гр.";Жареный соленый арахис;;150;г
"Изюм узбекский ""Семушка"" 150 гр.";Узбекский изюм;;150;г
"Курага ""Семушка"" 150 гр.";Курага;;150;г
"Персики сушеные ""Семушка"" 130 гр.";Сушеные персики;;130;г
"Финики ""Королевские"" ""Семушка"" 150 гр.";Королевские финики;;150;г
"Чернослив ""Семушка"" 150 гр.";Чернослив;;150;г
"Ананасы сушеные 80 гр. ""Семушка""";Сушеные ананасы;;80;г
"Манго сушеное 80 гр. ""Семушка""";Мушеное манго;;80;г
ананас каллибр 5;Ананас;;1;шт
апельсины;Апельсины;;6;шт
банан;Банан;;1;шт
бананы ;Бананы;;6;шт
виноград кишмиш;Виноград кишмиш;;500;г
виноград дамский пальчик;Виноград Дамкий пальчик;;500;г
виноград черный;Виноград черный;;500;г
голубика;Голубика;;125;г
гранат;Гранат;;1;шт
грейпфрут;Грейпфрут;;2;шт
грибы шампиньоны;Шампиньоны;;500;г
груша конференс;Груши Конференс;;4;шт
груша аббат;Груши Аббат;;4;шт
ежевика;Ежевика;;125;г
зелень укроп;Укроп;;50;г
зелень петрушка;Петрушка;;50;г
зелень кинза;Кинза;;50;г
зелень мята;Мята;;50;г
зелень базилик;Базилик;;30;г
зелень эстрагон;Тархун (эстрагон);;30;г
зелень микс (укроп, петрушка, лук зеленый);Укроп, петрушка, лук;;120;г
зелень зеленый лук;Зеленый лук;;100;г
имбирь;Имбирь;;100;г
капуста белокачанная;Капуста;;1;шт
картофель белый мытый;Белая мытая картошка;;2 кг;кг
киви;Киви;;5;шт
клубника;Клубника;;300;г
кукуруза обычная;Кукуруза;;2 початка;ка
кукуруза мини;Мини-кукуруза;;100;г
лимоны;Лимоны;;2;шт
лук репчатый;Репчатый лук;;3;т
малина;Малина;;125;г
манго;Манго;;1;шт
мандарины абхазия (или израильские);;;6;шт
мандарины морокко;Мандарины из Марокко;;6;шт
морковь мытая;Мытая морковь;;2;шт
морковь мини-морковь;Мини-морковь;;300;г
нектарины;Нектарины;;3;т
огурцы бакинские;Бакинские огурцы;;6;шт
огурцы гладкие средние;Гладкие огурцы;;2;шт
перец острый;Острый перец;;100;г
перец сладкий микс (красный/желтый);Сладкий микс перцев;;4;шт
помело;Помело;;1;шт
помидоры черри Банч;Помидоры черри;;300;г
помидоры сливовидные помидоры на ветке;Сливовидные помидоры на ветке;;6;шт
помидоры бакинские;Бакинские помидоры;;6;шт
редис красный;Красная редиска;;500;г
салат листовой;Листовой салат;;150;г
салат руккола;Руккола;;125;г
салат айсберг;Айсберг;;180;г
салат микс салат;Микс-салат;;125;г
сельдерей черешковый (стебли);Стебли сельдерея;;500;г
чеснок в упаковке;Чеснок;;4;шт
яблоки симиренко;Яблоки Симиренко;;4;шт
яблоки гольден;Яблоки Гольден;;4;шт
яблоки ред чиф;Яблоки Ред чиф;;4;шт
арбуз Тайский арбуз;Тайский арбуз;;1;шт
Папайя Тайская парайя;Тайская папайя;;1;шт
Авокадо хасс Авокадо хасс;Авокадо Хаас;;1;шт
Микс ягод Микс (голубика 100, малина 100, ежевика 100);Голубика, малина, ежевика;;300;г
"Мармелад Фруктово-ягодный Bite Slim Unicorn ""Малина""";Bite чувисы малина;;20;г
"Мармелад Фруктово-ягодный Bite Slim Unicorn ""Клубника""";Bite чувисы клубника;;20;г
"Батончик Фруктово-ореховый ""Клюква-Тыквенные семечки"" (Иммунитет)";Bite клюква-тыквенные семечки;;45;г
"Батончик Фруктово-ореховый ""Миндаль-Яблоко-Корица"" (Интеллект)";Bite миндаль-яблоко-корица;;45;г
"Батончик Фруктово-ореховый ""Морковь-Кешью"" (Контроль веса)";Bite морковь-кешью;;45;г
"Батончик Фруктово-ореховый ""Арахис-Банан"" (Спорт)";Bite арахис-банан;;45;г
"Батончик Фруктово-ореховый ""Кокос-Бразильский орех"" (Баланс)";Bite кокос-бразильский орех;;45;г
"Напиток ""Миндальный"" пастеризованный 1л";Bite миндальный;;1;л
"Напиток ""Рисовый с кокосом"" пастеризованный 1л";Bite рисовый с кокосом;;1;л
Хлебцы хрустящие гречневые 150 гр;Bite гречневые;;150;г
Хлебцы хрустящие кукурузно-рисовые с морской солью 150 гр;Bite кукурузно-рисовые;;150;г
Хлебцы хрустящие (слайсы) из зеленой гречки с томатами и розмарином 100 гр;Bite зеленая гречка-розмарин;;100;г
Хлебцы хрустящие (слайсы) из зеленой гречки с чесноком и паприкой 100 гр;;;100;г
Крекеры овсяные с морской солью 200 гр;;;200;г
Крекеры овсяные с семенами подсолнечника, льна и чиа 200 гр;;;200;г
"Батончик высокобелковый Cyber Bite ""со вкусом ванили"" 60 гр";;;60;г
"Батончик высокобелковый Cyber Bite ""со вкусом шоколада"" 60 гр";;;60;г
"Батончик высокобелковый Cyber Bite ""со вкусом банана"" 30 гр";;;30;г
"Батончик высокобелковый Cyber Bite ""со вкусом ванили"" 30 гр";;;30;г
"Батончик высокобелковый Cyber Bite ""со вкусом клубники"" 30 гр";;;30;г
"Батончик высокобелковый Cyber Bite ""со вкусом кокоса"" 30 гр";;;30;г
"Батончик высокобелковый Cyber Bite ""со вкусом манго"" 30 гр";;;30;г
"Батончик высокобелковый Cyber Bite ""со вкусом шоколада"" 30 гр";;;30;г
"Шейк Cyber Bite ""Ваниль"" 40 гр";;;40;г
"Шейк Cyber Bite ""Клубника"" 40 гр";;;40;г
"Шейк Cyber Bite ""Кокос""40 гр";;;40;г
"Хлебцы хрустящие, протеиновые ""Гречневые"" 150 гр";;;150;г
"Хлебцы хрустящие, протеиновые ""Чечевичные"" 150 гр";;;150;г
Фруктово-ягодный мармелад «Малина»;;;20;г
"Готовый сухой завтрак гранола ""Миндаль-Фундук""";;;270;г
"Готовый сухой завтрак гранола ""Миндаль-Тыквенные семечки""";;;270;г
